replicon,locus_tag,isolate_14,isolate_17,isolate_12,isolate_23,isolate_37,isolate_18,isolate_32,isolate_20,isolate_13,isolate_15,isolate_22,isolate_16,isolate_25,isolate_29,isolate_11,isolate_30,isolate_19,isolate_21,isolate_33,isolate_28,isolate_27,isolate_36,isolate_26,isolate_24,isolate_31,isolate_35,isolate_34
contig_1,ampc,6.99,7.75,10.49,10.49,10.49,10.49,10.49,10.49,6.38,6.38,10.49,6.38,10.49,10.49,10.49,10.49,10.49,10.49,10.49,10.49,10.49,10.49,10.49,10.49,10.49,10.49,10.49
contig_1,sul1,10.0,11.1,15.15,15.15,15.15,15.15,15.15,15.15,9.1,9.1,15.15,9.1,15.15,15.15,15.15,15.15,15.15,15.15,15.15,15.15,15.15,15.15,15.15,15.15,15.15,15.15,15.15
contig_1,secA,10.0,11.11,15.15,15.15,15.15,15.15,15.15,15.15,9.09,9.09,15.15,9.09,15.15,15.15,15.15,15.15,15.15,15.15,15.15,15.15,15.15,15.15,15.15,15.15,15.15,15.15,15.15
contig_1,secD,10.0,11.11,15.14,15.14,15.14,15.14,15.14,15.14,9.09,9.09,15.14,9.09,15.14,15.14,15.14,15.14,15.14,15.14,15.14,15.14,15.14,15.14,15.14,15.14,15.14,15.14,15.14
contig_1,mukB,10.0,11.11,15.15,15.15,15.15,15.15,15.15,15.15,9.09,9.09,15.15,9.09,15.15,15.15,15.15,15.15,15.15,15.15,15.15,15.15,15.15,15.15,15.15,15.15,15.15,15.15,15.15
contig_1,plsB,10.0,11.11,15.15,15.15,15.15,15.15,15.15,15.15,9.09,9.09,15.15,9.09,15.15,15.15,15.15,15.15,15.15,15.15,15.15,15.15,15.15,15.15,15.15,15.15,15.15,15.15,15.15
contig_1,dmsA,8.66,9.7,13.15,13.15,13.15,13.15,13.15,13.15,7.97,7.97,13.15,7.97,13.15,13.15,13.15,13.15,13.15,13.15,13.15,13.15,13.15,13.15,13.15,13.15,13.15,13.15,13.15
contig_2,mrkC,8.63,9.58,13.03,13.03,13.03,13.03,13.03,13.03,7.85,7.85,13.03,7.85,13.03,13.03,13.03,13.03,13.03,13.03,13.03,13.03,13.03,13.03,13.03,13.03,13.03,13.03,13.03
