replicon,locus_tag,isolate_1,isolate_3,isolate_2,isolate_6,isolate_10,isolate_4,isolate_7,isolate_8,isolate_9,isolate_5
contig_1,ampc,10.49,10.49,10.49,10.49,7.75,10.49,10.49,7.75,17.16,10.49
contig_1,sul1,15.14,15.15,15.14,15.15,11.1,15.15,15.15,11.1,24.99,15.15
contig_1,secA,15.14,15.15,15.15,15.15,11.11,15.15,15.15,11.11,25.0,15.15
contig_1,secD,15.14,15.14,15.14,15.14,11.11,15.14,15.14,11.11,25.0,15.14
contig_1,mukB,15.15,15.15,15.15,15.15,11.11,15.15,15.15,11.11,25.0,15.15
contig_1,plsB,15.14,15.15,15.15,15.15,11.11,15.15,15.15,11.11,25.0,15.15
contig_1,dmsA,13.15,13.15,13.15,13.15,9.7,13.16,13.15,9.7,21.5,13.15
contig_2,mrkC,13.03,13.03,13.03,13.03,9.58,13.03,13.03,9.58,21.43,13.03
